timestamp,taluka,crop,risk_level,stress_type,phone_number,language,status,delivery_channel,message_snippet
2026-10-04 23:46:54,Bicholim,Cashew,High Stress Alert,pest,+919876543210,Konkani,Delivered (High-Priority Demo Queue),Goa Gov Sandbox Gateway,🌾 शेतकरी सल्लो — AGRIWATCH GOA 🌾 ⚠️ पिकाचो ताण इशारा: HIGH STRESS ALERT  📍 तालुको: Bicholim 🌱 पीक: Cashew (Flowering) 🔍 ...
2026-10-04 23:46:18,Bicholim,Cashew,High Stress Alert,pest,+919876543210,Konkani,Delivered (High-Priority Demo Queue),Goa Gov Sandbox Gateway,🌾 शेतकरी सल्लो — AGRIWATCH GOA 🌾 ⚠️ पिकाचो ताण इशारा: HIGH STRESS ALERT  📍 तालुको: Bicholim 🌱 पीक: Cashew (Flowering) 🔍 ...
2026-10-04 23:45:23,Bicholim,Cashew,High Stress Alert,pest,+919876543210,Konkani,Delivered (High-Priority Demo Queue),Goa Gov Sandbox Gateway,🌾 शेतकरी सल्लो — AGRIWATCH GOA 🌾 ⚠️ पिकाचो ताण इशारा: HIGH STRESS ALERT  📍 तालुको: Bicholim 🌱 पीक: Cashew (Flowering) 🔍 ...
2026-10-04 23:44:49,Bicholim,Cashew,High Stress Alert,pest,+919876543210,Konkani,Delivered (High-Priority Demo Queue),Goa Gov Sandbox Gateway,🌾 शेतकरी सल्लो — AGRIWATCH GOA 🌾 ⚠️ पिकाचो ताण इशारा: HIGH STRESS ALERT  📍 तालुको: Bicholim 🌱 पीक: Cashew (Flowering) 🔍 ...
2026-10-04 23:43:07,Ponda,Rice (Paddy),High Stress Alert,waterlog,+919876543210,Konkani,Delivered (High-Priority Demo Queue),Goa Gov Sandbox Gateway,🌾 शेतकरी सल्लो — AGRIWATCH GOA 🌾 ⚠️ पिकाचो ताण इशारा: HIGH STRESS ALERT  📍 तालुको: Ponda 🌱 पीक: Rice (Paddy) (Tillering)...
2026-10-04 15:57:32,Ponda,Rice (Paddy),High Stress Alert,waterlog,+919876543210,Konkani,Delivered (High-Priority Demo Queue),Goa Gov Sandbox Gateway,🌾 शेतकरी सल्लो — AGRIWATCH GOA 🌾 ⚠️ पिकाचो ताण इशारा: HIGH STRESS ALERT  📍 तालुको: Ponda 🌱 पीक: Rice (Paddy) (Tillering)...
2026-10-04 15:57:04,Ponda,Rice (Paddy),High Stress Alert,waterlog,+919876543210,Konkani,Delivered (High-Priority Demo Queue),Goa Gov Sandbox Gateway,🌾 शेतकरी सल्लो — AGRIWATCH GOA 🌾 ⚠️ पिकाचो ताण इशारा: HIGH STRESS ALERT  📍 तालुको: Ponda 🌱 पीक: Rice (Paddy) (Tillering)...
2026-10-04 11:46:28,Tiswadi,Rice (Paddy),HIGH STRESS ALERT,"waterlog, pest",+91-9822154321,English,Delivered (High-Priority Demo Queue),Goa Gov Sandbox Gateway,🌾 FARM EARLY WARNING — AGRIWATCH GOA 🌾 ⚠️ CROP STRESS ALERT: HIGH STRESS ALERT  📍 Taluka: Tiswadi | Crop: Rice (Paddy) (...
2026-10-03 20:48:56,Tiswadi,Rice (Paddy),Healthy / Low Risk,,+91-98221XXXXX,English,Delivered (High-Priority Demo Queue),Goa Gov Sandbox Gateway,🌾 FARM EARLY WARNING — SANKALP SETU (GOA) 🌾 ⚠️ CROP STRESS ALERT: HEALTHY / LOW RISK  📍 Taluka: Tiswadi | Crop: Rice (Pa...
2026-10-03 20:13:25,Tiswadi,Rice (Paddy),High Stress Alert,drought,+91-98221XXXXX,English,Delivered (High-Priority Demo Queue),Goa Gov Sandbox Gateway,🌾 FARM EARLY WARNING — SANKALP SETU (GOA) 🌾 ⚠️ CROP STRESS ALERT: HIGH STRESS ALERT  📍 Taluka: Tiswadi | Crop: Rice (Pad...
2026-10-03 20:05:42,Tiswadi,Rice (Paddy),High Stress Alert,,+91-98221XXXXX,English,Delivered (High-Priority Demo Queue),Goa Gov Sandbox Gateway,🌾 FARM EARLY WARNING — SANKALP SETU (GOA) 🌾 ⚠️ CROP STRESS ALERT: HIGH STRESS ALERT  📍 Taluka: Tiswadi | Crop: Rice (Pad...
